tc,f,df,TS,UL95
54686.150034722225,1.915546509977057e-09,2.74086011940358e-09,6.647199812005056,3.1120829372888566e-07
54693.150034722225,8.841621590599962e-09,3.087552256654959e-09,56.01179557175783,1.3859268141856716e-07
54700.150034722225,7.0822354148027245e-09,2.5964667479026732e-09,49.599641864839214,1.122158864849527e-07
54707.150034722225,9.472071767627752e-09,2.926626439241256e-09,81.59659949192792,7.177270849059998e-08
54714.150034722225,1.0272001915363943e-08,3.1211776781560343e-09,86.73133563539523,1.278789924193094e-07
54721.150034722225,1.408079141919207e-08,4.170632914220467e-09,95.5406852892047,4.368729486577076e-08
54728.150034722225,1.0176055571239612e-08,4.2035296123654516e-09,32.76253167559844,2.2232602261622163e-08
54735.13930604436,5.277647185129594e-09,2.8537224031063447e-09,26.87490527648697,3.660297414157565e-08
54742.150034722225,1.1830516617265599e-08,3.874097153171304e-09,64.52018651774415,2.6496035748751353e-08
54749.14504679416,6.769187296421935e-09,2.6822530293722472e-09,52.19230492772476,1.1938140075536505e-07
54756.150034722225,7.563912871869493e-09,2.8070943017812654e-09,40.8189910353758,9.082869829180437e-08
54763.150034722225,8.237718473903014e-09,2.657094700529508e-09,60.72656312277468,1.4723506431529716e-07
54770.150034722225,7.676376270774426e-09,3.2423339279116405e-09,37.73481644041021,1.9089474424712863e-08
54777.150034722225,4.785591995518822e-09,2.621379855836423e-09,25.938568048433808,1.8055911272275397e-08
54784.142934516014,1.560973521046587e-11,6.564650451026266e-12,8.174436090064773,2.414894481674506e-07
54791.150034722225,4.402167515257111e-09,2.5924026599184227e-09,18.590914260486898,1.3681060615482576e-07
54798.148258589645,4.581333699440241e-09,2.3965220620378397e-09,23.13674939586417,1.2385042150332954e-07
54805.150034722225,7.2261588439458335e-09,2.653214751281692e-09,43.03055950621274,8.934793533145094e-08
54812.150034722225,5.641972849239984e-09,2.3701707404650412e-09,34.40233711132896,1.1093939680467773e-07
54819.14431184983,1.39707157561668e-08,3.764385664362541e-09,104.650225053756,4.352137750553021e-08
54826.150034722225,6.596195475302774e-09,2.5026648983091804e-09,52.788239615598286,1.3358508511355758e-07
54833.14670766315,9.809589502777925e-09,3.7704515194369445e-09,49.769752722248086,1.2974190849172857e-07
54840.150034722225,4.935570509254335e-09,2.6200896732961325e-09,23.776072411066707,1.6677036894704736e-07
54847.150034722225,7.382733292535945e-09,3.320223776258689e-09,22.197280633863556,4.4763130332763064e-08
54854.150034722225,6.247879649550122e-09,2.787731614033203e-09,24.440547704809433,9.101105217089297e-08
54861.150034722225,1.4792320141661357e-08,3.959988562604691e-09,90.84369443949981,4.3207541306254207e-08
54868.14627942786,1.3274120774249258e-08,3.844120001802218e-09,64.77420111672836,4.5309146497821386e-08
54875.150034722225,3.715208583543053e-09,2.334245766189649e-09,18.83606825381139,1.2079314880754988e-07
54882.14984424881,1.176676140401726e-08,3.6706393268031403e-09,62.222938960723695,1.0737395679432654e-07
54889.150034722225,7.068769598545787e-09,3.025386425350557e-09,46.27299490779842,2.330261768193372e-07
54896.150034722225,5.9333428534173265e-09,3.2842807413719814e-09,22.046309697063407,8.95898043075368e-08
54903.150034722225,2.037954981762896e-08,9.213312518889493e-09,45.40743066410687,5.7269372367848755e-08
54910.150034722225,9.267498750697878e-09,3.065551153998223e-09,74.82290716182979,1.1165446652758747e-07
54917.14815442757,7.015197261806231e-09,2.487284246348595e-09,51.60772174765589,1.5414428395984546e-07
54924.150034722225,1.4328777350101745e-08,3.5848644838329826e-09,120.73068908473942,1.529377913118917e-07
54931.150034722225,1.6614044067741873e-08,4.3325119089573856e-09,91.278757487431,8.663914002547485e-08
54938.150034722225,9.293961616279837e-09,3.367572428785869e-09,63.57010537518363,1.8102109788941638e-07
54945.150034722225,1.3061609744609089e-08,4.415378093232431e-09,56.40692298495924,1.583354317501801e-07
54952.150034722225,1.134911361422186e-08,4.193996336489166e-09,45.581087695311,4.3844693752048894e-08
54959.150034722225,1.6062804165161872e-08,4.541759045271495e-09,110.3383833249718,1.1599083736300418e-07
54966.14976328999,1.5110875703311274e-08,3.909234199670427e-09,99.60948171780183,1.0326312963724688e-07
54973.150034722225,2.7256678257512247e-08,4.877879701383383e-09,263.99613737555046,1.3320299467226346e-07
54980.150034722225,1.319849262101124e-08,3.518158580038086e-09,101.9776996635992,1.4240340882190464e-07
54987.150034722225,1.8162363697084704e-08,4.603626195834378e-09,149.05072631652,7.898269580484288e-08
54994.150034722225,3.7872644453011685e-09,2.2613742833350128e-09,13.874358102239057,7.798869405926326e-08
55001.150034722225,8.818703082189866e-10,2.5536319095115002e-09,3.951445835715276,1.4701946458306491e-07
55008.150034722225,6.917809639193061e-09,3.0302686700916816e-09,61.15187176089239,1.2422596950403493e-07
55015.150034722225,1.0086982567257782e-08,3.3323593910515023e-09,62.25492424375625,1.2165033120530267e-07
55022.150034722225,1.4977317267010246e-08,3.7226658300542136e-09,120.14307211162668,1.117231806736996e-07
55029.150034722225,6.087556156524201e-09,2.519655805379352e-09,50.22647394171145,2.3180397734475212e-07
55036.150034722225,7.801600238594424e-09,2.9553695545732564e-09,47.16312061946883,7.668073475181223e-08
55043.150034722225,9.09057375852858e-09,3.3650364142209407e-09,49.81010797251656,9.296128021354781e-08
55050.150034722225,1.0123452055341603e-08,4.16856748543246e-09,33.19735519452661,7.37619499123507e-08
55057.150034722225,6.548348516356886e-09,3.0401568901453546e-09,32.367723244595254,9.954624290338331e-08
55064.150034722225,8.83208523384092e-09,3.537499022592493e-09,41.63085115992726,8.066033752179105e-08
55071.150034722225,9.409083725009748e-09,3.242449396201567e-09,47.03953226415251,7.382619839388516e-08
55078.150034722225,5.965543703396308e-09,2.7798067233824503e-09,29.730553685822088,1.0927509090731345e-07
55085.150034722225,5.521392757763278e-09,2.711567751897123e-09,20.463194632702653,7.913428760442829e-08
55092.150034722225,1.1573319238765935e-08,3.796104089322514e-09,68.82207607321106,1.242228492754536e-07
55099.150034722225,4.943235595321458e-09,2.512753617909239e-09,41.05869843853361,9.193766843067871e-09
55106.150034722225,6.126279516679875e-09,2.9349535524139566e-09,30.513519790649298,4.0017665901406815e-08
55113.150034722225,4.31418157834628e-09,2.3081758529472475e-09,12.829186603543349,6.511147505022065e-08
55120.150034722225,4.4543376547730925e-09,2.255210873987112e-09,31.014529131203744,9.10087758765089e-08
55127.150034722225,7.498368404641446e-09,3.0302316535046297e-09,31.305669394569122,8.246031861236496e-08
55134.150034722225,6.964128324172791e-09,2.991460215340153e-09,51.83359902660959,9.820970737251774e-08
55141.150034722225,1.2941805212604754e-08,4.207134880834941e-09,76.65476374551145,2.60975883489026e-08
55148.150034722225,1.1520802041316096e-08,3.816429728785961e-09,61.51011349823966,2.435095597451649e-08
55155.150034722225,5.209735407625371e-09,2.5603173081206584e-09,32.6833301456827,1.1842835645290189e-07
55162.150034722225,3.495898158782031e-09,1.9904865533295773e-09,23.013044370491116,1.6923432892519026e-07
55169.150034722225,1.554646186426419e-08,4.266608465143819e-09,100.91241244436242,1.31977298437147e-07
55176.150034722225,1.0699753527934563e-08,3.676056035611722e-09,64.04601905001618,6.437955871961174e-08
55183.150034722225,1.2451992764191764e-08,3.8825766597548e-09,60.58310359562165,5.1662401188465124e-08
55190.150034722225,1.5496655399725494e-08,4.430388836943805e-09,95.77949290465403,1.5145046262731973e-07
55197.150034722225,5.35380815310528e-09,2.733720804347541e-09,28.8259447491655,1.1030172117304606e-08
55204.150034722225,1.5788841647464146e-09,1.6100433548385957e-09,5.59696012529821,1.0194453613502626e-07
55211.150034722225,3.224067949797755e-09,2.27217392275229e-09,12.135619328993926,8.343794800190808e-08
55218.150034722225,2.6175519003219684e-13,2.438256381533036e-12,-0.0004415591902215965,7.654309797655351e-09
55225.150034722225,1.6907000966420338e-09,2.07363543268883e-09,7.499422623532155,1.0298060430123027e-07
55232.150034722225,4.943364090070359e-09,3.238937710420007e-09,22.052424727266043,1.0966655681106175e-08
55246.150034722225,3.6757596611196463e-09,2.374402643431996e-09,7.865287699973123,7.101807026739445e-08
55253.14174817714,8.391668378412341e-09,3.1550435682864526e-09,49.659540580018074,6.430924538283863e-08
55260.150034722225,1.775443938786193e-09,1.4686363040583028e-09,10.54248053113406,1.1022190329435889e-07
55267.150034722225,7.4329690210224895e-09,3.3604456832718067e-09,21.116327621752134,1.0191399660118651e-07
55274.150034722225,7.50139621830671e-09,2.8938981099547737e-09,62.41933835760574,1.2575809668999106e-07
55281.150034722225,1.4205957403221967e-08,4.065391831806636e-09,99.224256165111,1.0933316861264921e-07
55288.150034722225,2.683153604938759e-09,1.8223515156001148e-09,9.339977354004077,5.654755426272402e-08
55295.150034722225,1.191567651517632e-08,4.0810272561015355e-09,46.630845181836776,7.084958260597044e-08
55302.142587299146,1.8136238669305371e-09,1.6769768945861833e-09,4.089565669892181,4.756607465768271e-08
55309.150034722225,1.3332631412671632e-08,3.93520245145304e-09,80.0959860711555,5.8774596373258256e-08
55316.150034722225,1.8335824167493698e-08,4.830557659506556e-09,106.59459482628154,9.269367878548353e-08
55323.150034722225,2.4066961790773668e-08,5.719082886154704e-09,129.5308434079452,7.582435151131952e-08
55330.150034722225,1.6017125509703883e-08,4.388689194036353e-09,109.71434267700533,4.2909892784270907e-08
55337.150034722225,4.177028916339512e-09,2.244887719320937e-09,14.726659232641396,8.963312962153095e-08
55344.150034722225,1.715423527596473e-08,4.600842358128019e-09,87.38383219983007,4.6533819454662587e-08
55351.1426741051,1.2535095406136032e-08,3.9601775898022584e-09,79.87921791965346,6.624742310969966e-08
55358.150034722225,9.369597193133444e-09,3.5264887563151454e-09,46.80665042342298,3.420073007622502e-08
55365.150034722225,1.6334561300592878e-08,4.711508268922621e-09,61.78934711293914,3.649712775750709e-08
55372.150034722225,7.681608963694416e-09,3.18106601067627e-09,44.43512545142585,4.155536206334944e-08
55379.150034722225,6.3742196487836584e-09,2.985098180932064e-09,20.262660813266848,6.366901005886328e-08
55386.150034722225,9.06506846263736e-09,3.574803472788409e-09,43.21738473591904,8.337598203978541e-08
55393.150034722225,6.740032353594166e-09,2.957090431806157e-09,28.180237032545847,6.6128350056144e-08
55407.150034722225,9.009471437163539e-09,3.3626391804908162e-09,45.53518900693234,1.448608461070469e-07
55414.150034722225,3.075401475749843e-09,2.1794727452897604e-09,16.31958606065018,1.2343465017927507e-07
55421.150034722225,2.9132058856468882e-09,1.7747010649920222e-09,19.108680391051166,1.3967571122012205e-07
55428.150034722225,1.1271454313457673e-09,1.833248458337392e-09,0.792182460631011,4.02196156925704e-08
55435.150034722225,3.35221510098664e-09,1.932525142260101e-09,20.916506913810736,9.480519631538793e-08
55442.150034722225,6.022077466883962e-09,2.6232884325528963e-09,32.295663306944334,1.0289909334803286e-07
55449.150034722225,2.73940336251699e-09,2.1570223568627916e-09,7.054300773907016,1.2836203163742795e-07
55456.150034722225,6.031362731958678e-09,2.6424931981327773e-09,38.963094590970286,1.155708392868472e-07
55463.150034722225,4.306586904014115e-09,2.497221278105145e-09,15.914369136244204,9.133451821198276e-08
55470.150034722225,2.174087577852895e-09,1.6354760867337032e-09,10.938031804707862,1.1104098462459052e-07
55477.150034722225,5.4927543694247305e-09,2.7299288590406336e-09,20.62225980092626,4.839730809215339e-08
55484.150034722225,1.075507665915579e-08,4.222639551831224e-09,40.18008572193503,3.313092180003417e-08
55491.150034722225,2.8595228564082056e-09,2.196377973189624e-09,13.376786395510862,1.37194721430671e-07
55498.150034722225,5.474696569427868e-09,2.822650020597512e-09,27.943551433334505,1.4741331614619879e-08
55505.150034722225,9.65232672296405e-09,3.7110687690063706e-09,30.442294589454832,2.3750098347755338e-08
55512.150034722225,1.03396723369575e-08,3.537578917394862e-09,52.371388891868264,7.906901090173492e-08
55519.150034722225,6.657929629067122e-09,2.7962802052158546e-09,34.895726170965645,6.789862722337491e-08
55526.150034722225,1.0707338318814013e-08,3.5797401097462915e-09,66.02917329737829,6.24130079075614e-08
55533.150034722225,1.1449825945622138e-08,4.141851347205145e-09,47.37872841803255,4.1962928185298264e-08
55540.150034722225,9.778401184935427e-09,3.501884081752997e-09,63.181843032623874,6.651209713141716e-08
55547.150034722225,5.6236154330069e-09,2.8752942305178956e-09,26.010493561017938,4.709868926991408e-08
55554.150034722225,3.8013505280494585e-09,2.208375528798748e-09,18.38000047342939,1.1659610751336905e-07
55561.14983845736,1.706413340582986e-09,1.7113336593262877e-09,11.341532161837677,6.291504275298798e-09
55568.150034722225,1.624676232894809e-08,4.647822187706663e-09,96.05107186840905,6.623525224720045e-08
55575.14887202192,1.0534952946126044e-08,3.617746986224167e-09,60.2062203699752,6.547855249221609e-08
55582.150034722225,7.403809228356805e-09,3.08520937097649e-09,34.79650762214442,5.3801879019065956e-08
55589.150034722225,1.1853177881198495e-08,3.938453718368077e-09,67.31578936354708,5.040455304831555e-08
55596.150034722225,2.671517118378398e-09,1.7446106921728697e-09,10.895300713713368,4.38420614271241e-08
55610.14653405768,5.597946096798416e-09,2.717419988669595e-09,16.291063755208597,6.138190826419624e-08
55617.150034722225,7.282276687747484e-09,3.346294321952357e-09,30.390981971977453,1.5859829815365024e-07
55624.14690442796,5.131497864230908e-09,3.187093141579076e-09,19.492763661888603,3.7058948586945966e-08
55631.150034722225,9.652599466375586e-09,3.472778232371902e-09,56.58129547716817,1.768800357532009e-08
55638.150034722225,1.175882652408747e-08,4.098417394895916e-09,57.81677076278356,7.100404000330494e-08
55645.150034722225,1.6968374339837325e-08,3.866008112287902e-09,138.09656378737054,6.360820286525796e-08
55652.150034722225,1.0977534464190625e-08,3.842084041330735e-09,55.94737445355349,6.592230069221128e-08
55659.14245998509,1.578005106990348e-08,4.215311455396e-09,90.64851661694411,5.532075467753176e-08
55666.150034722225,1.549125537964995e-08,4.8945949270291796e-09,76.77073254251445,1.0887423803050497e-07
55673.14346127037,1.583170168335124e-08,4.729884523263592e-09,71.7000546019699,1.0554036310902366e-07
55680.150034722225,1.812668707264903e-08,4.724945983963508e-09,99.56295571619557,5.800982712875811e-08
55687.150034722225,1.3437305212161727e-08,4.077392242377852e-09,73.77143501951286,6.640737357981053e-08
55694.150034722225,1.753549384902082e-08,5.009109968831574e-09,88.1139112973251,6.600121156992167e-08
55701.150034722225,1.468692037917234e-08,4.364219829746663e-09,69.57255876344789,4.906622652997475e-08
55708.150034722225,1.237820319598962e-08,3.86698860992062e-09,87.1881096242978,1.6263507824148639e-07
55715.150034722225,1.0507498215622232e-08,3.743646030714733e-09,48.132802895492205,2.9715247382867347e-08
55722.150034722225,1.0000856255161494e-08,3.655394107602268e-09,49.48061903148118,6.781027159772787e-08
55729.150034722225,1.0819781389334274e-08,3.87988119486215e-09,40.6875979111428,4.3987197031931794e-08
55736.150034722225,7.946313003488844e-09,3.11882849611778e-09,39.80697866941773,6.02494720031978e-08
55743.150034722225,1.3361810119588517e-08,4.05880414395182e-09,79.82824918114056,5.846796965769031e-08
55750.14883730177,4.592245946961463e-09,2.237488441832125e-09,37.419869707773614,1.6168503155089293e-07
55757.150034722225,6.318817782398191e-09,2.6419841951717254e-09,45.99661620041661,1.3312023291292606e-07
55764.148571095386,1.0712447189497968e-08,3.952076353866892e-09,38.21985232352017,6.570297752511796e-08
55771.150034722225,8.142715392321126e-09,3.4453667959338108e-09,28.724908175016026,5.171260625229078e-08
55778.150034722225,3.809985329595999e-09,2.2986642361137982e-09,31.232187936926493,1.6966918510766217e-07
55785.150034722225,5.374252527937559e-09,2.7170415414489245e-09,22.188607882551878,7.769724586983613e-08
55792.150034722225,5.282379102313536e-09,2.6220446098237256e-09,13.051409554376733,5.478308592133873e-08
55799.14170766974,2.78031949854225e-09,2.4682966216668335e-09,26.757147098403948,7.416350026289038e-09
55806.150034722225,3.8659572541047234e-09,2.9644589143964983e-09,5.449732573815709,2.3597569605468804e-08
55813.142054892945,4.003166641886276e-09,2.6999310687421133e-09,16.0872179422513,2.229319652399676e-08
55820.150034722225,1.2614392837127041e-08,4.007685597246904e-09,76.9121558389088,1.0230108275291425e-07
55827.150034722225,8.400913186317778e-09,3.3254943720732162e-09,41.852387712053314,1.3117181852534845e-07
55834.150034722225,1.6094761986299457e-08,4.679986819531786e-09,75.8376476254889,3.809912594654416e-08
55841.150034722225,7.189877610431706e-09,3.3196805649665358e-09,26.664990230896365,2.707416048926724e-08
55848.150034722225,6.861137262869174e-09,3.0647803124878245e-09,30.388677876399015,5.7053066512632594e-08
55855.150034722225,1.4110826764336344e-08,4.713342870974406e-09,65.06088124127564,6.667791524539622e-08
55862.150034722225,1.2477037065478468e-08,3.866362610566704e-09,73.3507673411259,4.075493531639261e-08
55869.150034722225,2.1606443847827766e-08,5.141564822549105e-09,119.25972380753592,9.794764658145372e-08
55876.150034722225,1.4223333263870812e-08,4.059234723260548e-09,118.2539836811593,1.0983434157278849e-07
55883.150034722225,1.7529143600135933e-08,4.753137638609156e-09,84.87084037104432,4.357675384780405e-08
55890.150034722225,1.4710785232560135e-08,4.116522269962225e-09,122.38482035158086,1.3994237907007003e-07
55897.150034722225,1.8390968691844162e-08,4.503058173045694e-09,145.78074787704827,1.8496519553511995e-07
55904.150034722225,2.275762918026142e-08,5.533755598240321e-09,140.91217864043574,1.1049175582806307e-07
55911.150034722225,1.890261284505078e-08,4.884208324086315e-09,128.26986934130764,7.052002921911092e-08
55918.150034722225,2.255292356352351e-08,5.0113257447693695e-09,163.56272362205345,8.596176717198205e-08
55925.150034722225,3.264512784692963e-08,6.290792076603091e-09,261.350149157377,9.414419742749279e-08
55932.150034722225,2.8509324513342893e-08,5.6110935394466335e-09,207.59882200575157,2.5186548906735425e-07
55939.150034722225,1.0754062996446374e-08,3.3644733176907474e-09,63.611728334013605,1.0740717381845133e-07
55946.14104216891,2.293629228406139e-08,5.0610405972758315e-09,164.24252992112815,9.056128093692544e-08
55953.150034722225,2.0483729441313387e-08,4.866207900055998e-09,150.4292492915738,9.38160566872662e-08
55960.150034722225,1.8152292903168676e-08,4.852509264454852e-09,101.9609889227977,1.3757031370434898e-07
55967.150034722225,2.103427954546576e-08,5.0400543837158966e-09,128.1414419335706,9.370603597658216e-08
55974.150034722225,8.824815799372275e-09,3.3721174088691477e-09,32.89988002248356,2.223717100385721e-08
55981.150034722225,1.531232822988686e-08,4.238242824799714e-09,84.67098597940276,7.277527503838628e-08
55988.14422503032,7.531273000302845e-09,2.7486958310743807e-09,59.585658079828136,1.5122637105540662e-07
55995.150034722225,1.903026800429587e-08,4.034097571407545e-09,215.09516643495954,1.184108673010288e-07
56002.14275512329,1.735056747028354e-08,4.2650915320676225e-09,166.2839772723746,2.5570131331557117e-07
56009.150034722225,1.3656395990322867e-08,4.2266440502973295e-09,76.22401238520979,8.423590921474387e-08
56016.150034722225,1.5960388734547435e-08,4.382696303731479e-09,101.14529791366658,1.2133600871654924e-07
56023.150034722225,5.65973173209443e-09,2.5957573099202544e-09,23.69091209684484,2.5861915095901818e-08
56030.14630258144,1.0693612133898505e-08,3.6036015306033805e-09,59.36338211606926,6.435665112022111e-08
56037.150034722225,6.041791596151704e-09,2.5025462220286802e-09,43.09060473290083,1.6112488401599242e-07
56044.14289979934,1.1295853455291479e-08,3.604729213242271e-09,63.754344383476564,1.2878053999932935e-07
56051.150034722225,2.678574535368947e-09,2.120209476771056e-09,10.001966497809917,8.469622334171311e-08
56058.150034722225,4.503254514212249e-09,2.425546456168376e-09,24.643320185648918,4.681778396651717e-08
56065.150034722225,1.0226439216416158e-08,3.7012549214548645e-09,55.98207566587371,1.0663307412200041e-07
56072.14808498403,1.0246680611523862e-08,3.545430067903128e-09,54.96240332401794,9.670598169718605e-08
56079.150034722225,1.3781127205449463e-08,3.956394021633406e-09,103.51272453312049,1.266602535039536e-07
56086.14089169717,1.713111876198504e-08,4.565870657882452e-09,132.4547053183196,1.391460432684859e-07
56093.150034722225,2.53220706430838e-08,5.5099997753681174e-09,153.38056248647263,1.2214563832657448e-07
56100.150034722225,1.6654623326988753e-08,4.557082734040472e-09,116.9348968288723,1.5306414116742978e-07
56107.150034722225,1.3396737139095047e-08,4.151435311674237e-09,64.33135280627903,5.2408445782395904e-08
56114.150034722225,1.788738246948983e-08,5.104777289745097e-09,125.24820313479722,1.0113282607240497e-07
56121.150034722225,6.225226505978429e-09,2.9218297933365928e-09,30.28009938098694,9.11103151152336e-08
56128.14035929009,1.4803228728933526e-08,4.16608868787836e-09,110.57092609394749,4.2773751099712784e-08
56135.150034722225,9.248281400808903e-09,3.352979018984782e-09,44.85903071648863,7.135930564517133e-08
56142.150034722225,1.1330226641572197e-08,3.921018429834957e-09,47.70618259960247,4.1986292360891506e-08
56149.150034722225,1.6122452904510623e-08,4.586609408006069e-09,75.47452220854757,9.8916938082977e-08
56156.150034722225,3.4403549365508104e-09,1.903901111412623e-09,29.660594394576037,2.3276684281559224e-07
56163.150034722225,9.48354778477903e-09,3.3789244852213765e-09,52.6576220179486,9.89164336219951e-08
56170.150034722225,5.812819473562291e-09,2.7157005559020563e-09,24.276954841810948,1.544645967479272e-07
56177.150034722225,1.4360280094588534e-08,4.2459866966397065e-09,81.99635212026624,8.80504144106856e-08
56184.150034722225,1.4815572439882627e-08,4.246225638819373e-09,88.19700953709616,5.5237126678245414e-08
56191.150034722225,1.0049176613357752e-08,3.5870668275042747e-09,69.5080137166733,1.461074947678189e-07
56198.150034722225,8.140430828090207e-09,5.012822981562637e-09,13.507144391107431,8.759460933423017e-08
56205.150034722225,7.459132717731933e-09,3.054380859076315e-09,57.120964315137826,2.2028417660262868e-07
56212.150034722225,1.0491544909258308e-08,3.2699392495470476e-09,78.65114117561097,1.651808707194682e-07
56219.14891832303,1.872750684722832e-08,4.660313180449308e-09,116.81016817962518,1.0318612909406538e-07
56226.150034722225,1.3025073347870813e-08,4.151898187270243e-09,73.6304133361009,1.3617658797799618e-07
56233.1447458716,9.804846307857337e-09,3.3952510722938875e-09,54.52424065912783,7.066244783869709e-08
56240.150034722225,9.83633142117069e-09,3.306447798450816e-09,62.66761303737076,1.0628269264162218e-07
56247.150034722225,1.0027688639034809e-08,3.712401752153528e-09,46.62920084295547,1.4872193911339833e-07
56254.150034722225,3.2734375438247566e-09,2.005436807881638e-09,20.782105834299728,1.8598660683065812e-07
56261.143831512585,2.7235618979467626e-09,1.8817078576935298e-09,12.376793728039047,1.2378457720452843e-07
56268.150034722225,7.829192986977539e-09,3.5937872097487385e-09,45.71027368568684,1.2776956582856723e-07
56275.150034722225,1.432069613623872e-08,4.347836247846707e-09,77.02460786118536,6.072248112671818e-08
56282.150034722225,1.7069067766887875e-08,4.774224955226087e-09,109.9928100582838,1.6082969789286413e-07
56289.150034722225,9.62149247401059e-09,3.260141341212298e-09,63.712702394583175,1.4653531515034812e-07
56296.150034722225,1.94245754221725e-08,4.886278784937729e-09,117.53971034486676,1.404813579701828e-07
56303.150034722225,1.5410376659367876e-08,4.1881367390686136e-09,95.99554690938385,1.8107571854779938e-07
56310.14953175411,1.3502169712574553e-08,3.807061609152927e-09,91.2272200072075,1.1745461899062964e-07
56317.150034722225,1.4328114432278532e-08,3.924818871169232e-09,99.79255511766314,1.416287202541742e-07
56324.143553735536,1.75478614488747e-08,4.5343009036487626e-09,119.2265071203401,4.293822124043792e-08
56331.150034722225,1.1002945968560478e-08,3.958631292334433e-09,53.22094692939936,8.68781923269345e-08
56338.150034722225,1.8377201144996014e-08,4.814428600326266e-09,114.08304951788159,1.056351012179054e-07
56345.150034722225,1.1603611233472288e-08,3.6581005094920433e-09,115.99542985978405,1.865048246842856e-08
56352.150034722225,8.025123485153907e-09,2.8769402144209144e-09,59.821126817354525,1.5030471234980156e-07
56359.150034722225,9.702206345898748e-09,4.114936230186477e-09,29.677622799234086,8.806079100746519e-08
56366.150034722225,1.031462042379069e-08,3.4031282771237017e-09,58.05857149946314,1.8944401594799955e-07
56373.14840907414,1.1236579489401472e-08,3.6782028838651983e-09,60.02181564458442,5.717675489270868e-08
56380.150034722225,1.1691042967921986e-08,4.212078891131471e-09,46.48167975117758,2.765054738366876e-08
56387.150034722225,3.286648124365375e-09,2.2324212094179343e-09,11.507853037870518,8.346487515277152e-08
56394.150034722225,5.783637055732455e-09,2.373875575381578e-09,44.90885548589722,9.330452622879404e-08
56401.144196254325,6.2069738541732615e-09,2.84566110695738e-09,35.55750484708915,1.5427853742633182e-07
56408.150034722225,1.0571950377406555e-08,3.9776361426521024e-09,37.99663624918685,5.5618434346614863e-08
56415.150034722225,3.4804356938955823e-09,2.23951928638145e-09,7.4611554578950745,7.333499264831002e-08
56422.150034722225,2.1979034162318184e-09,1.6572414730062786e-09,7.8212911728078325,3.551525788030617e-08
56429.150034722225,6.261458071691598e-09,2.0559572503881842e-09,58.63939283955551,9.001096240940206e-08
56436.150034722225,3.816328343150285e-09,2.6739625121589174e-09,9.112191679687385,7.367201635481819e-08
56443.150034722225,3.5452111966021418e-09,2.0132891398003075e-09,27.419050954653358,1.4238469195700806e-07
56450.14445651254,9.389721947172708e-09,3.2853413022070475e-09,58.637241187934706,1.1663143748359106e-07
56457.150034722225,1.1803615943873222e-08,3.931755712711242e-09,71.14655343820777,4.849095980669778e-08
56464.150034722225,1.1326732882791361e-08,3.9299658654068355e-09,61.84695490904778,6.468919562836484e-08
56471.150034722225,1.9693982698404693e-08,4.961508461975114e-09,106.52696464978362,4.534779985663223e-08
56478.150034722225,7.438229415642121e-09,3.1962365708018333e-09,34.816048869244696,5.732306500829097e-08
56485.150034722225,1.0917526215871806e-08,3.598274215567156e-09,66.46439246542286,1.3296894673639188e-07
56492.150034722225,1.7793463024551102e-08,4.857072451806976e-09,125.0457910885998,5.410166206138717e-08
56499.142784103555,7.3336692172380686e-09,3.175694831006822e-09,40.02647602500292,8.870266732214429e-08
56506.150034722225,8.095275945999801e-09,3.4967436494461145e-09,30.22832350684621,5.539213795325546e-08
56513.150034722225,1.1163275448005429e-08,4.235643718449507e-09,41.46334513476904,6.597674204668679e-08
56520.149560699,3.7191678118356495e-09,1.8843225786372248e-09,27.340984242633567,1.3275206330369137e-07
56527.150034722225,1.4724139879858746e-08,3.847795801276715e-09,93.5458500591485,6.526072774517739e-08
56534.150034722225,1.5893847208168234e-08,4.638364330384535e-09,79.2283648115299,7.043507023256447e-08
56541.150034722225,9.756292747481804e-09,3.700319651969888e-09,56.721210818162945,9.204861484539511e-08
56548.13962433628,7.103176050241684e-09,2.8215100462144217e-09,56.10146068748145,1.9223366722846814e-07
56555.150034722225,8.173215533021487e-09,3.0243288089368516e-09,49.0791620611526,1.1476461121303321e-07
56562.150034722225,2.275496875236225e-08,5.4620307490659065e-09,124.87679772509728,4.979977743048943e-08
56569.150034722225,2.1382887888751392e-08,5.034708413229212e-09,133.6425916521839,1.589500269623276e-07
56576.150034722225,1.1220769370864159e-08,4.038205624210701e-09,57.111342439118744,2.239611655599892e-08
56583.14752364202,2.084679496304792e-08,5.153197643820258e-09,134.7717892170258,1.5148275680416498e-07
56590.150034722225,1.159608130541365e-08,4.433647497420656e-09,54.669820346369306,8.170969871242066e-08
56597.150034722225,1.7155685155967972e-08,4.9055270315757356e-09,94.17733659102669,8.070942631019808e-08
56604.14930607721,1.3076913314247525e-08,3.741490858101936e-09,98.75912157440325,1.5070857467821673e-07
56611.150034722225,1.9577926688760458e-08,4.715779551694893e-09,154.61839764877732,1.2163045578209844e-07
56618.150034722225,1.6615014525784854e-08,4.440415829510992e-09,110.46404373663609,1.2181076806387312e-07
56625.150034722225,1.4186976479445732e-08,4.211981137544828e-09,74.86994786216746,8.3818396278987e-08
56632.150034722225,1.133215786025126e-08,4.377630924540144e-09,47.304313333006576,1.4936896709618626e-07
56639.14994842175,1.3618830101647184e-08,5.581824484464123e-09,40.55852457036781,5.120132753351753e-08
56646.150034722225,2.0664924685876885e-08,6.760810685008465e-09,58.84347759472075,5.1215899877447264e-08
56653.150034722225,1.5962975461379975e-08,5.575708327465988e-09,60.6844424944029,1.3893189735199117e-07
56660.150034722225,1.2055778742497327e-08,3.5101011217950987e-09,78.535937016346,1.6099823537270972e-07
56667.150034722225,1.0531258031051804e-08,2.5290491425732207e-09,132.47352970229986,5.255516245683159e-08
56674.150034722225,2.232011037803018e-08,3.2287940531405724e-09,380.1736137916523,1.0332707393095914e-07
56681.150034722225,1.3779714022867194e-08,2.8330632721052326e-09,173.77753131827922,7.723807834859833e-08
56688.150034722225,1.0003270529507098e-08,2.5522864832268292e-09,99.10635896355234,1.0051218042020525e-07
56695.150034722225,1.908927335712087e-08,4.16098365833604e-09,152.8947392028531,7.611660658824677e-08
56702.150034722225,1.3439435183302527e-08,4.721156853965364e-09,60.948828862537994,1.7154515909924456e-07
56709.150034722225,1.6096170239946357e-08,4.767993281684581e-09,70.9340464142042,1.2262902703476588e-07
56716.150034722225,1.3611716087772049e-08,4.303151683325638e-09,79.85089182248703,3.986474683951866e-08
56723.150034722225,1.4061367766919991e-08,2.7472818167461505e-09,212.81506938334496,9.647219602644602e-08
56730.14855953398,9.99037058006762e-09,2.664017008716703e-09,102.4480763952015,4.6157554377568436e-08
56737.150034722225,1.3709069317851242e-08,2.8442525385931462e-09,183.7881046138791,1.204214973954025e-07
56744.150034722225,1.8329844196311032e-08,3.799745084253895e-09,176.4137211015077,1.8517670894852477e-07
56751.148380123675,1.1281193076976598e-08,3.972280539601863e-09,55.41507656887188,1.316818900777969e-07
56758.150034722225,1.4542791727918988e-08,5.4725749648022976e-09,27.69164632646425,4.459842152241759e-08
56765.150034722225,1.3171062466732574e-08,3.826181502402362e-09,82.16181202434746,1.527961845454661e-07
56772.150034722225,9.345072943639422e-09,2.9855243777439074e-09,75.18367038605356,1.516832924654621e-07
56779.150034722225,1.9473202025052194e-08,4.9433259890239565e-09,95.63710122182965,3.612677937976667e-08
56786.150034722225,1.2239880217639025e-08,3.76222901094823e-09,82.28866355558785,1.1994898511063686e-07
56793.150034722225,2.1988697113386023e-08,5.192391519751769e-09,135.98542748648106,1.1052801055986099e-07
56800.150034722225,1.9343121797479527e-08,4.741503257194584e-09,137.74383322536232,5.914174356173988e-08
56807.150034722225,1.443349621534052e-08,5.254729414032381e-09,50.71097004517469,6.434949529994336e-08
56814.150034722225,1.3002014006472016e-08,7.748048105371577e-09,26.762249374821295,7.867744647601388e-08
56821.150034722225,1.7864266356798298e-08,6.177792572823985e-09,64.6804348268106,1.6943791143491688e-07
56828.14059656592,1.1518982162824991e-08,3.971794913528491e-09,73.94541516908066,2.363376617255087e-07
56835.150034722225,9.822508946352064e-09,4.175042542485644e-09,28.487394179561306,3.517533017935369e-08
56842.150034722225,1.1837061904241779e-08,3.781509305954757e-09,86.14914732694888,1.8515374582287834e-07
56849.150034722225,1.749642556769495e-08,4.0801963087619525e-09,134.17628417074593,8.747444883876776e-08
56856.150034722225,2.0140022257911372e-08,4.7148000249837665e-09,118.90998742168449,1.633895166860253e-07
56863.150034722225,1.8622026215097394e-08,5.539564890037695e-09,67.74502736980503,6.287366829284455e-08
56870.14210706882,1.7409060721725596e-08,4.468753921617875e-09,116.71250109768152,1.8898318525202253e-07
56877.150034722225,1.448012547449032e-08,3.1776433487128847e-09,154.18321433383244,1.4729547076017984e-07
56884.150034722225,2.064603460330528e-08,3.1300114418335325e-09,394.17516025599616,1.392200433424109e-07
56891.150034722225,1.7185057261508733e-08,3.6908197142974573e-09,198.25591878185878,1.4254038979725956e-07
56898.150034722225,1.76825780880426e-08,3.412648142225717e-09,177.04424061235477,4.2339657914849986e-08
56905.150034722225,1.2056648088717315e-08,3.2898830902185673e-09,88.88821581626325,9.937710787812802e-08
56912.14242526275,2.4461339125586215e-08,5.821407651799882e-09,131.9511558772756,1.9788632023385857e-07
56919.150034722225,2.7822622175741048e-08,7.006989231617965e-09,109.19601827173574,1.055860798612085e-07
56926.150034722225,1.6195544124296396e-08,3.902693880719031e-09,125.21060069813757,1.3410910418235913e-07
56933.150034722225,2.1295162341691594e-08,3.5565038885735726e-09,281.138404140489,8.773020232899228e-08
56940.150034722225,3.9095635919662046e-08,4.213400743302417e-09,867.1523924940993,1.7999767091176325e-07
56947.150034722225,2.944446251839067e-08,3.95527365266064e-09,493.1745643808681,1.4757400837543147e-07
56954.150034722225,1.2635628179066833e-08,3.035363051194164e-09,153.09804182241714,1.6216485282817256e-07
56961.1474657713,1.2408271248099035e-08,3.6900529583554153e-09,78.09903656035749,6.254549629605356e-08
56968.150034722225,9.879959394192904e-09,4.135000029913447e-09,38.99989324525086,2.2328340866166058e-07
56975.150034722225,2.0610778215382314e-08,5.265748960381251e-09,100.23302484146552,1.3854707419323242e-07
56982.150034722225,1.7661375025740665e-08,3.724301190965072e-09,164.67462543150032,1.457642560521093e-07
56989.150034722225,9.296353389442956e-09,2.2248244356614068e-09,122.51897946718964,1.1853082252774496e-07
56996.150034722225,6.2106701857560864e-09,2.2564006090031785e-09,53.50729901657178,1.3640781743969323e-07
57003.150034722225,8.393259878665543e-09,3.41170143507248e-09,32.535425921603746,1.6619568977391222e-07
57010.147969243895,7.651687870207875e-09,2.9038961839324686e-09,50.82456043970524,1.1519313885533134e-07
57017.150034722225,1.012098551827368e-08,3.375293318872794e-09,66.7156141499072,6.35389419733939e-08
57024.150034722225,1.2513581457657375e-08,4.275742670314772e-09,54.44298873736625,5.509758682975596e-08
57031.150034722225,2.9119892482439994e-08,5.85836488222336e-09,224.0812642931778,1.3693324701527772e-07
57038.150034722225,1.8047706655805786e-08,4.743809745694391e-09,100.18192226291285,4.955006909551436e-08
57045.150034722225,1.632407495262538e-08,4.347564123687016e-09,99.23806643563512,1.1557845937976251e-07
57052.150034722225,4.293788240763972e-09,2.4347453034236884e-09,22.979298548620136,1.2743689275437637e-07
57059.14399933719,2.0226047758680628e-08,4.61472462711692e-09,143.40229376488787,1.1163857023969873e-07
57066.150034722225,2.9330151344909775e-08,5.633651477873931e-09,247.56237607208095,1.0616011244479965e-07
57073.150034722225,2.3731407109561455e-08,5.468377711563114e-09,169.63278824487497,9.596837460105612e-08
57080.150034722225,1.0922578202266972e-08,3.6452256282003834e-09,84.8520048444625,9.22360506843511e-08
57087.150034722225,1.3400335178996577e-08,3.898923913411449e-09,72.15325157858751,8.502378711526364e-08
57094.150034722225,2.2310546069318845e-08,4.789317495173762e-09,166.0321095503059,1.4702755357540812e-07
57101.150034722225,1.2571937915495295e-08,3.474212729436248e-09,107.77057847380638,1.4378747790904547e-07
57108.150034722225,9.085450667876275e-09,3.2134343038755813e-09,43.97672853433687,1.815640205300775e-08
57115.14619841441,1.868922472672389e-08,4.450728824909467e-09,127.82770168744537,8.370875222809529e-08
57122.150034722225,2.1463526696134475e-08,5.054019674983255e-09,146.09044565880686,5.0367314933887174e-08
57129.150034722225,2.000659067857537e-08,5.093687373340735e-09,133.60367962319287,7.228168739943067e-08
57136.150034722225,1.1156434388784065e-08,3.786127654556e-09,60.2755294073977,2.8450202808160562e-08
57143.14906878048,1.2062916551832196e-08,3.588707364183034e-09,78.53077257196492,1.4030660616247867e-07
57150.150034722225,1.51903307530544e-08,4.163271408606681e-09,88.46875697599171,6.221494084035463e-08
57157.150034722225,1.295489247264136e-08,4.021441094919463e-09,74.77110944561355,1.1944409181204668e-07
57164.150034722225,1.9628149660271533e-08,5.112966711328433e-09,110.21452905176557,1.1982682105393518e-07
57171.150034722225,1.8175443163339744e-08,4.597641418791852e-09,114.75919932270699,1.1177842481850939e-07
57178.150034722225,8.638334400997446e-09,3.1658594771216197e-09,59.71336740393963,1.1891399233683237e-07
57185.150034722225,1.963541067289449e-08,5.052684111928284e-09,135.93568863674227,1.3699950355065413e-07
57192.150034722225,1.4016576584815566e-08,5.291914699180236e-09,60.82763696453003,5.484557687595029e-08
57199.14031878722,1.113096804066781e-08,4.111769314250005e-09,42.92176091542933,1.3041377426546965e-07
57206.14886623935,1.6186834754763184e-09,2.2435857155240493e-09,4.408001817580953,1.1099726951541929e-07
57213.150034722225,1.4393356684438319e-08,4.304717377197317e-09,83.10337424332101,1.0094591141678495e-07
57220.150034722225,1.2867119591907057e-08,3.929733928542153e-09,77.38674205745701,8.422492580173382e-08
57227.150034722225,1.3379184047974723e-08,3.869367055948461e-09,80.69297613367598,9.837722730561871e-08
57234.14982692114,1.9571039266132762e-08,4.997807816697454e-09,122.40830014383027,1.2230387424959885e-07
57241.150034722225,1.1805366741790172e-08,3.7552041922087975e-09,91.55700369797341,1.6986600480083443e-07
57248.150034722225,1.647845916800557e-08,4.462524369501885e-09,100.34186736006814,4.5623423323795156e-08
57255.150034722225,1.2626879127768834e-08,4.005700466094933e-09,71.7760332637663,8.334294519786565e-08
57262.150034722225,1.9950022918214986e-08,5.146288805607336e-09,101.36164694041508,7.291217294976454e-08
57269.150034722225,9.746303252481203e-09,3.6950191464876208e-09,50.625706153845385,6.671701349464363e-08
57276.150034722225,2.1519426723999184e-08,4.756805727411611e-09,181.87932935645222,2.0626517200007135e-07
57283.150034722225,2.2741948116467136e-08,5.022227109331595e-09,191.81844443746013,1.7527575110922046e-07
57290.150034722225,1.8545223210750767e-08,4.737344030898701e-09,134.35333075204107,1.638083117529942e-07
57297.14507573869,9.370304938586616e-09,3.0387738566463266e-09,83.42077535259159,1.9636447398603706e-07
57304.150034722225,9.800830707284004e-09,3.236786356379951e-09,91.70742667798913,2.425046950518255e-07
57311.150034722225,1.6570557706431398e-08,4.492742634243103e-09,85.18956097931732,1.1012622107626646e-07
57318.150034722225,9.450827251507284e-09,3.3309236357103398e-09,50.824119987988524,1.4295478066950357e-07
57325.1456081336,1.4067424035463735e-08,4.171178423807985e-09,76.47062015530173,4.569575598362264e-08
57332.14926559949,2.7812694036851612e-08,5.825605179847227e-09,200.40304712297439,5.5537129274612165e-08
57339.150034722225,9.770604334202512e-09,3.4589600247892545e-09,79.2339182852229,1.9635113552045134e-07
57346.150034722225,1.2909083709900543e-08,3.833653474694e-09,100.67059770062406,1.40844378745914e-07
57353.150034722225,6.224628086803441e-09,2.8017139398929405e-09,40.20002315295642,1.3700355767688572e-07
57360.150034722225,1.1376470636515197e-08,3.963320729661759e-09,43.49359577658106,5.649691683156403e-08
57367.150034722225,1.1293535202308177e-08,4.264960850132008e-09,38.726276688790676,2.7787902977219058e-08
57374.150034722225,6.102870500883934e-09,2.8457173950627053e-09,35.890797665171704,2.0989301944204328e-07
57381.150034722225,1.1198596420763883e-08,3.53981554889361e-09,63.683728303843964,9.70941305117323e-08
57388.150034722225,1.6139993440946243e-08,4.400339239360332e-09,118.78920764136274,5.5067777300031536e-08
57395.150034722225,1.5172077565078043e-08,4.454580593430006e-09,85.11575413931496,9.280515489145458e-08
57402.14998892041,1.7839209221558483e-08,4.910364370913733e-09,120.6953103740816,3.614924237854645e-08
57409.150034722225,1.2609990423323059e-08,3.802949184314442e-09,95.34665150940418,1.453113956674876e-07
57416.150034722225,2.3257829355192504e-08,4.930990755921603e-09,182.31697890469877,1.578479589616983e-07
57423.150034722225,2.1169490833856628e-08,4.576840182501653e-09,183.31857193079486,2.14102986739653e-07
57430.14139518728,1.4485873329904304e-08,3.866511597620256e-09,108.24468075659024,1.2117482534661054e-07
57437.14869842454,1.298113699136275e-08,3.6812853308730758e-09,91.56417836629771,1.6536192872924375e-07
57444.150034722225,2.4099438158911534e-08,5.473884690322692e-09,172.0429487502479,1.2071943020841689e-07
57451.150034722225,2.3657735319003385e-08,5.5792434373969824e-09,137.6032793535669,8.522169339672988e-08
57458.150034722225,1.0733896412484659e-08,3.297242233151785e-09,79.50596696241337,1.106450487304841e-07
57465.14528406646,1.8208049282289194e-08,4.4800298398153146e-09,118.28680586428891,1.2388180486714172e-07
57472.14853061881,4.949609085944702e-09,2.3683309698989593e-09,35.47511594230309,9.535328193731723e-08
57479.150034722225,1.6466984001711218e-08,4.243635741617775e-09,110.82432271776634,1.894007010951163e-07
57486.150034722225,1.6895871797875287e-08,4.516273673894722e-09,94.60640325418353,1.1215657614755817e-07
57493.150034722225,1.613772938830774e-08,4.341934608912097e-09,126.02338562327714,1.0092125145251718e-07
57500.150034722225,1.15272894321978e-08,4.02333596321824e-09,73.14084464021653,1.5773387863120406e-07
57507.150034722225,8.620000181136094e-09,2.6913930009048718e-09,91.91028648968859,1.6123534463239147e-07
57514.150034722225,1.4034446916029899e-08,3.76675300870786e-09,98.34808931119187,1.30098357883569e-07
57521.150034722225,7.221840999522569e-09,2.5667276826356703e-09,80.31749273616879,1.398853697728423e-07
57528.150034722225,1.4353543102184148e-08,4.105831480357381e-09,80.14729167045152,1.2719692744887193e-07
57535.150034722225,8.694560494933385e-09,3.838783270611306e-09,20.450873543017224,3.2123337341963315e-08
57542.150034722225,8.575382150376343e-09,3.1385749384014043e-09,52.78576286477255,6.679323523947689e-08
57549.150034722225,9.453519602227787e-09,3.2786155519786084e-09,67.63694439157916,1.656632911212336e-07
57556.150034722225,1.08513638427339e-08,4.321940615151085e-09,40.33182310839766,9.103479140356084e-08
57563.150034722225,3.937360622236499e-09,2.06592252426134e-09,33.902045950504544,2.0770445384112129e-07
57570.150034722225,3.1682887065532127e-09,1.891210448319152e-09,23.224215931419167,1.7652201010105016e-07
57577.150034722225,6.3505455119175674e-09,3.0838104029063343e-09,25.299470154706796,1.0446961281645109e-07
57584.150034722225,9.141600599910393e-09,3.5407586538751435e-09,35.08284613552678,2.2943806160752356e-08
57591.150034722225,1.0417563119620808e-08,3.2963838856436896e-09,69.27743822516277,2.2109177703951725e-07
57598.150034722225,6.579391547989017e-09,2.6605683831524067e-09,40.78817918639834,1.336555459909233e-07
57605.150034722225,1.2408576068231577e-08,1.2647547087719152e-08,7.0696904653682395,2.787280004413526e-07
57612.150034722225,8.155337367208727e-09,3.232900395872379e-09,36.62889497664946,6.036928959152136e-08
57619.14263360071,4.004572199467205e-09,2.038359824327991e-09,34.01624830908622,1.8932277271770888e-07
57626.14866948327,8.270158560361378e-09,3.1676382443881353e-09,58.82970177064999,1.7848397081456786e-07
57640.150034722225,3.484796244687339e-09,2.2424350697078838e-09,14.041212799606,1.155754204708487e-07
57647.150034722225,1.2468413398063695e-08,3.7553374903830795e-09,76.79369916106589,1.3317166656557258e-07
57654.14178297695,2.0890778079892153e-09,1.929334384906501e-09,3.804277839983115,5.12592949016257e-08
57661.14474586456,7.606586353452397e-09,4.6056018731197904e-09,11.79158425517744,7.823171697217648e-08
57668.150034722225,1.8294408656958214e-08,4.635999370055343e-09,129.92920946835147,1.2312004775180298e-07
57675.150034722225,6.567658029444473e-09,2.7784324112715396e-09,30.560066931589972,8.961940337181034e-08
57682.150034722225,8.92925490009995e-09,3.231806562716373e-09,57.60863557280754,1.8532477803873065e-07
57689.150034722225,4.783983678738592e-09,1.9018858360882555e-09,36.361735254315136,9.165314322197524e-08
57696.14561972639,7.54403169821865e-09,2.4460437990968655e-09,50.323937291712355,6.787631693312835e-08
57703.14826440117,7.744736402585869e-09,3.5071475255759397e-09,35.80520334563698,1.8096384313153823e-07
57710.150034722225,1.1690408183927085e-08,4.085487759222421e-09,56.87293444316674,3.5332586558811805e-08
57717.150034722225,6.312770124716518e-09,2.7009434982428027e-09,40.27088058802474,1.5748114920287132e-07
57724.150034722225,7.64910862752034e-09,3.0611124397181106e-09,41.50408169761067,1.0565122205429847e-07
57731.150034722225,5.022456828652696e-09,2.9370946119401557e-09,24.563757025069208,4.202568720104689e-08
57738.150034722225,3.6421826985059943e-09,2.3456896050621e-09,12.034437729413185,3.8674123943123265e-08
57745.150034722225,5.3279844421223725e-09,2.6637484112399266e-09,17.451419972720032,1.102973782116958e-07
57752.150034722225,5.0624405815563604e-09,2.4468756061888297e-09,26.58841863354246,1.120242675983624e-07
57759.150034722225,8.23254858636703e-09,3.5223185983627013e-09,41.61910131724653,8.082037298942744e-08
57766.150034722225,1.4366068398843548e-09,2.3257545501251065e-09,3.6197492306782806,8.992636161401092e-08
57773.150034722225,3.340102260842756e-09,1.8847347500030087e-09,17.027700700753485,7.667442030928364e-08
57780.150034722225,3.6218684050770563e-09,2.1445837406570835e-09,13.791614480276621,4.380785435597682e-08
57787.150034722225,1.120898628795465e-09,1.453578156088705e-09,1.464061067203147,4.5164512981530124e-08
57794.150034722225,4.953121181249075e-09,2.6105583027698437e-09,20.47952160584464,1.2969802499237635e-08
57801.150034722225,5.761744292749202e-09,2.7161516838756485e-09,27.491985286844283,1.1611789804764392e-07
57808.150034722225,4.1663030543873094e-09,2.3204896597449296e-09,23.355605033215397,1.215971091626628e-07
57815.150034722225,8.06912908897716e-09,3.4892317889793487e-09,28.05133212961664,4.7944918735283855e-08
57822.150034722225,4.0244758959159046e-09,2.587164727711327e-09,10.529880176516599,4.3316608924484096e-08
57829.150034722225,4.447285939184678e-09,2.259129370562708e-09,18.633493724169966,5.140420216233134e-08
57836.150034722225,6.865920478942292e-09,2.927305705016924e-09,25.88594087412639,1.097033553686165e-07
57843.150034722225,6.992285302250745e-09,3.036731781226262e-09,26.31766649972633,1.6280473875579585e-08
57850.150034722225,6.73553978344376e-09,3.2000116784502114e-09,29.366956676629343,2.145950447135737e-07
57857.150034722225,4.0968176481648676e-09,2.3037324762989567e-09,23.23256631732511,1.3563705653944265e-07
57864.150034722225,7.18189260123772e-09,3.0946300396216003e-09,34.03166702536328,7.291595218099031e-08
57871.150034722225,1.2797133803564313e-08,4.276232976190906e-09,60.00969096276458,1.0090364199862092e-07
57878.150034722225,1.1351417116413574e-08,3.848853786723564e-09,49.95251402242502,3.480695067436356e-08
57885.150034722225,7.897545988613386e-09,3.1185433450927122e-09,44.97416921043623,1.2802047616275146e-07
57892.150034722225,2.567196834545694e-09,1.812296836949689e-09,12.36159899622362,1.1808406959328542e-07
57899.150034722225,5.487238888487975e-09,3.004267656902201e-09,20.38343292769423,3.988547101057395e-08
57906.150034722225,7.736053119613515e-09,3.2826715950806947e-09,35.58677241240002,5.3074945947782616e-08
57913.150034722225,7.999696719134687e-09,3.111715021580043e-09,47.15272036141687,1.4678841238878848e-07
57920.150034722225,4.369137612542272e-09,2.3600636070421047e-09,23.325612730342982,5.3580272419447216e-08
57927.150034722225,5.91553106279235e-09,3.2283525029967437e-09,20.447157411159424,9.505067140486237e-08
57934.150034722225,1.2375023117530832e-09,2.12670969520686e-09,0.4625146891848999,2.5842401174979503e-08
57941.150034722225,2.3602331511350064e-09,1.8807664944336597e-09,17.117052396140934,1.621780768871029e-07
57948.150034722225,8.975049175452796e-10,1.1058872950332541e-09,2.370831125495897,1.8228342142381645e-08
57955.150034722225,3.739427222137322e-09,2.2223450805500853e-09,26.134061186217878,8.560324032081124e-09
57962.150034722225,1.2670698819797378e-08,3.948493896550189e-09,61.147243457751756,5.408596566512725e-08
57969.150034722225,7.4124738922679815e-09,2.9374424133920447e-09,42.691557908125105,1.0200333048869697e-07
57976.150034722225,6.125858680140285e-09,2.976198342621775e-09,28.131903611661983,5.2924884720005734e-08
57983.150034722225,2.595011685142796e-13,7.537152465700162e-13,-0.00045829084774595685,7.50054642921987e-09
57990.14121585268,7.3143678908624575e-09,3.1906046407634845e-09,37.6626556496667,6.88220330795842e-08
57997.14633730016,3.7227045199408905e-13,1.2903362708491185e-10,-0.00010083615779876709,1.738351658896703e-08
58004.150034722225,4.2649102487592034e-09,2.388586686836412e-09,16.819410358351888,4.981267095789253e-08
58011.150034722225,7.157007934373212e-09,2.5834088714509306e-09,46.52790792507585,1.582655298578247e-07
58018.150034722225,4.920040757021725e-09,2.4055884372140803e-09,25.83215487218331,1.2711171593425201e-07
58025.150034722225,7.781644340030528e-09,3.378065158531877e-09,29.487794441829465,5.29641630046753e-08
58032.150034722225,1.9846663163062672e-09,2.0157113402825037e-09,6.7122913287748815,1.1041729616375104e-08
58039.14526669982,1.8574126466344576e-09,1.911694042606238e-09,8.256129336579761,9.821419084141393e-08
58046.14994841331,4.326095720311276e-09,2.434549793033236e-09,13.478428876805992,9.758515535301957e-08
58053.150034722225,2.405736301785781e-09,2.202002087796776e-09,6.233825261304446,1.0806588410101794e-07
58060.150034722225,3.63769461550986e-09,2.1425502502299817e-09,15.484900311374076,1.0571798103744658e-07
58074.150034722225,6.8522464010284765e-09,3.0808179369761243e-09,28.86636594580341,2.5910612799557897e-08
58081.143189184746,9.771564080696753e-09,3.657706522581619e-09,53.08083630874171,9.121818242365362e-08
58088.14838591051,1.2841548520259946e-08,4.064158175048166e-09,58.1884817505852,7.164722556143297e-08
58095.150034722225,6.619731052099445e-09,2.8777653331228944e-09,29.714560658812843,6.614226030879008e-08
58102.150034722225,5.695463315994988e-09,2.791138177774269e-09,22.299994912707916,9.892123507735393e-08
58109.150034722225,4.8088769795593785e-09,2.427500252155097e-09,28.14132744595554,2.0229141749466507e-07
58116.150034722225,9.904273976575208e-09,3.4911434198819414e-09,47.830049718253576,2.009804621091622e-08
58123.140503997405,3.0978086721710163e-09,1.691342150021397e-09,24.017785988064134,1.404215988643921e-07
58130.1462736438,2.738699183803585e-09,1.9525373510463003e-09,30.099328630905802,1.9716701524882287e-07
58137.150034722225,6.872703224887905e-09,4.6011097000344185e-09,9.35604735544075,5.755456267947117e-08
58144.150034722225,1.6918052261798343e-09,1.4796764239060298e-09,6.938914111615304,4.454309934452455e-08
58151.150034722225,6.5584358638116405e-09,3.7483044765696775e-09,21.191755045281752,1.4674977233354485e-07
58158.150034722225,6.448375374327637e-09,2.898991127023567e-09,24.951739672709664,6.136910554090749e-08
58165.150034722225,5.728009069782881e-09,2.7482776165533453e-09,21.31335844728892,1.8099279847375382e-08
58172.14317180791,3.4335093066797757e-09,2.0390785827455368e-09,25.718600933450944,7.859040671514746e-09
58179.148698415316,7.41308708271333e-09,3.094613452156405e-09,28.469574632657896,3.9989813487478525e-08
58186.150034722225,2.1336866347036877e-09,2.1455955050172035e-09,4.5695529868025915,6.735786073233904e-08
58191.424277133185,6.928259870478836e-09,4.493399555862191e-09,18.95467298942276,1.6583506515323853e-07
58242.150034722225,6.567171160742025e-09,2.205250031349791e-09,54.74593800007278,2.4750114591743957e-08
58249.150034722225,1.4722064618301493e-09,1.2670845962403853e-09,4.672004773965455,5.242319624090989e-08
58256.150034722225,1.7477168271680342e-09,3.202939815674205e-09,2.226273772157583,3.192316696741924e-07
58263.141748182155,9.158017233439616e-09,2.6647145545272027e-09,80.55590361903887,1.0120483525191768e-07
58270.147679891146,6.378219961172748e-09,2.2046352688253586e-09,43.215658436696685,1.300668339387571e-07
58277.150034722225,8.04710900813224e-09,2.9236621767207206e-09,44.06002013270336,1.5679010755741468e-08
58291.150034722225,9.539041955164866e-09,2.6628861148997435e-09,83.57139012442349,6.582062797150508e-08
58298.150034722225,2.59978384930081e-13,2.4400783354173443e-12,-5.9911396874667844e-05,5.4750661868847136e-08
58305.1398211415,7.877987711297688e-09,3.0397400965007424e-09,38.84960420246716,5.779455586562952e-08
58312.1439993361,4.324145410695174e-09,1.886427155760465e-09,32.14034661142068,9.219090255589623e-08
58319.14895305688,5.437385585401855e-09,1.4161034015022268e-08,31.197695822156675,1.0733179191352303e-08
58326.150034722225,1.8166760023159218e-09,1.89519496555231e-09,4.80132460900677,1.3882938414591603e-08
58333.150034722225,5.199364950919847e-09,2.201074592045898e-09,39.91326721752557,6.768774151278462e-08
58340.150034722225,6.858860292171909e-09,2.1006942018455613e-09,55.65192642709735,2.7066321521086456e-08
58347.150034722225,3.2546439606322746e-09,2.8415079243245435e-09,7.332086479222198,1.4428460233554152e-07
58354.140006307134,8.039809717705392e-09,3.6823619855956624e-09,33.570328541296476,1.5916623245718082e-08
58361.145532901806,6.414240398982337e-09,2.1582162605391703e-09,55.31196232980437,9.222895951662334e-08
58368.149948433595,1.258539712642411e-08,4.985054451527649e-09,34.00206522080407,1.6055261195642904e-07
58375.150034722225,7.044354739553309e-09,2.682524659197794e-09,39.24984744688845,4.432885370583737e-08
58382.150034722225,5.95385080618217e-09,1.8421038750809509e-09,91.27300533693051,2.1154789287518384e-07
58389.150034722225,5.9494964673012025e-09,1.8679179348588167e-09,55.242382148593606,8.814781457378433e-08
58396.150034722225,6.235464815108734e-09,2.4426023068712207e-09,44.532061617945146,1.3462816103271306e-07
58417.150034722225,2.395747403832132e-09,1.538114182197163e-09,9.686222917280247,2.9061022436184822e-08
58421.82454910403,7.01738270710413e-09,4.167062332347739e-09,17.598480604032375,1.0703513989563535e-07
58438.150034722225,4.2334789599005994e-09,3.4645274601552515e-09,6.907080245569887,1.1654754002903411e-07
58445.150034722225,6.288768131173579e-09,1.965729722335072e-09,57.467649607977364,3.203659319083686e-08
58452.142199571856,5.030253729344544e-09,2.6149428871678187e-09,27.273844264098443,1.1444179185096732e-07
58459.14675396652,4.548532027601529e-09,2.2747971737869206e-09,32.58015480533504,9.411831544428388e-09
58466.150034722225,5.838551929010302e-09,2.0192391615707756e-09,46.3867829759547,5.979435456655678e-08
58473.150034722225,4.9885753619892116e-09,1.9252328166358558e-09,37.78445392139838,3.751214180205719e-08
58480.150034722225,4.491548306110436e-09,2.0230890981429154e-09,31.654427425248286,8.708773522917137e-09
58487.150034722225,4.622811672233253e-09,2.0364504951205245e-09,33.37185130845319,2.2031295119265288e-08
58494.150034722225,1.3411880426768623e-09,1.2814831203522946e-09,4.798889077195781,2.7795495753748065e-08
58501.142581512584,4.229302125766566e-09,2.2681925552487648e-09,16.591618611553713,7.937868488508719e-08
58508.14678290114,8.373637497402581e-09,3.0359678489701373e-09,45.107977908632165,4.8762500530525214e-08
58515.150034722225,8.072973931612594e-09,2.296558243548262e-09,67.83604274987738,5.575015308315554e-08
58522.150034722225,4.194773411253692e-09,1.7727993093535994e-09,37.612327114416985,5.567768902048613e-08
58529.150034722225,6.993273741071352e-09,2.573573287675759e-09,39.58851737527584,5.598698781160274e-08
58536.150034722225,3.4849926398669035e-09,2.006826836229314e-09,18.801051251190074,8.766326779790296e-08
58543.150034722225,4.42364402053216e-09,2.1655747559533134e-09,31.141459130372823,1.8132297301354813e-07
58550.14252943407,1.1712053223739647e-08,3.778172725329836e-09,56.93816771856291,1.0742436036345959e-07
58557.150034722225,1.2051034875197262e-08,3.82572373885479e-09,79.26428825289986,1.784470231126198e-07
58564.150034722225,9.603518713668923e-09,3.2319931535191033e-09,71.25529666011789,1.6689399279085662e-07
58571.150034722225,8.748508948410105e-09,3.348335965826086e-09,39.59226226710598,5.676657247074815e-08
58577.32241898148,1.360467041457877e-08,4.3908275101985e-09,62.1472420406717,7.463817026988782e-08
